{
  "project_info": {
    "project_number": "178097126784",
    "firebase_url": "https://androidbarberbooking-8baec.firebaseio.com",
    "project_id": "androidbarberbooking-8baec",
    "storage_bucket": "androidbarberbooking-8baec.appspot.com"
  },
  "client": [
    {
      "client_info": {
        "mobilesdk_app_id": "1:178097126784:android:12a1c5e03f052d30bd1565",
        "android_client_info": {
          "package_name": "com.example.androidbarberbooking"
        }
      },
      "oauth_client": [
        {
          "client_id": "178097126784-tbidegatr6mn2904t52g2pb7qm5dp4c3.apps.googleusercontent.com",
          "client_type": 1,
          "android_info": {
            "package_name": "com.example.androidbarberbooking",
            "certificate_hash": "51326ade929dad1921aacbab168027c77e18e8eb"
          }
        },
        {
          "client_id": "178097126784-o83nefleg16kuac2f50jqukagensq0ps.apps.googleusercontent.com",
          "client_type": 3
        }
      ],
      "api_key": [
        {
          "current_key": "AIzaSyB57KaV2jPbuNj8yyqgtsggWDt8yNDvKZ4"
        }
      ],
      "services": {
        "appinvite_service": {
          "other_platform_oauth_client": [
            {
              "client_id": "178097126784-o83nefleg16kuac2f50jqukagensq0ps.apps.googleusercontent.com",
              "client_type": 3
            }
          ]
        }
      }
    }
  ],
  "configuration_version": "1"
}